"","FGFR1","DNMT3B","RLF"
"TCGA-3L-AA1B",0,NA,NA
"TCGA-4N-A93T",0,NA,NA
"TCGA-4T-AA8H",0,NA,NA
"TCGA-5M-AAT4",0,NA,NA
"TCGA-5M-AAT5",0,NA,NA
"TCGA-5M-AAT6",0,NA,NA
"TCGA-5M-AATA",0,NA,NA
"TCGA-5M-AATE",0,NA,NA
"TCGA-A6-2670",0,NA,NA
"TCGA-A6-2671",0,NA,NA
"TCGA-A6-2672",0,NA,NA
"TCGA-A6-2674",0,NA,NA
"TCGA-A6-2675",0,NA,NA
"TCGA-A6-2676",0,NA,NA
"TCGA-A6-2677",0,NA,NA
"TCGA-A6-2678",0,NA,NA
"TCGA-A6-2679",0,NA,NA
"TCGA-A6-2680",0,NA,NA
"TCGA-A6-2681",0,NA,NA
"TCGA-A6-2682",0,NA,NA
"TCGA-A6-2683",0,NA,NA
"TCGA-A6-2684",0,NA,NA
"TCGA-A6-2685",0,NA,NA
"TCGA-A6-2686",0,NA,NA
"TCGA-A6-3807",0,NA,NA
"TCGA-A6-3808",0,NA,NA
"TCGA-A6-3809",0,NA,NA
"TCGA-A6-3810",0,NA,NA
"TCGA-A6-4105",0,NA,NA
"TCGA-A6-4107",0,NA,NA
"TCGA-A6-5656",0,NA,NA
"TCGA-A6-5657",0,NA,NA
"TCGA-A6-5659",0,NA,NA
"TCGA-A6-5660",0,NA,NA
"TCGA-A6-5661",0,NA,NA
"TCGA-A6-5662",0,NA,NA
"TCGA-A6-5664",0,NA,NA
"TCGA-A6-5665",0,NA,NA
"TCGA-A6-5666",0,NA,NA
"TCGA-A6-5667",0,NA,NA
"TCGA-A6-6137",0,NA,NA
"TCGA-A6-6138",0,NA,NA
"TCGA-A6-6140",0,NA,NA
"TCGA-A6-6141",0,NA,NA
"TCGA-A6-6142",0,NA,NA
"TCGA-A6-6648",0,NA,NA
"TCGA-A6-6649",0,NA,NA
"TCGA-A6-6650",0,NA,NA
"TCGA-A6-6651",0,NA,NA
"TCGA-A6-6652",0,NA,NA
"TCGA-A6-6653",0,NA,NA
"TCGA-A6-6654",0,NA,NA
"TCGA-A6-6780",0,NA,NA
"TCGA-A6-6781",0,NA,NA
"TCGA-A6-6782",0,NA,NA
"TCGA-A6-A565",0,NA,NA
"TCGA-A6-A566",0,NA,NA
"TCGA-A6-A567",0,NA,NA
"TCGA-A6-A56B",0,NA,NA
"TCGA-A6-A5ZU",0,NA,NA
"TCGA-AA-3488",0,NA,NA
"TCGA-AA-3489",0,NA,NA
"TCGA-AA-3492",0,NA,NA
"TCGA-AA-3494",0,NA,NA
"TCGA-AA-3495",0,NA,NA
"TCGA-AA-3496",0,NA,NA
"TCGA-AA-3502",0,NA,NA
"TCGA-AA-3506",0,NA,NA
"TCGA-AA-3509",0,NA,NA
"TCGA-AA-3510",0,NA,NA
"TCGA-AA-3511",0,NA,NA
"TCGA-AA-3514",0,NA,NA
"TCGA-AA-3516",0,NA,NA
"TCGA-AA-3517",0,NA,NA
"TCGA-AA-3518",0,NA,NA
"TCGA-AA-3519",0,NA,NA
"TCGA-AA-3520",0,NA,NA
"TCGA-AA-3521",0,NA,NA
"TCGA-AA-3522",0,NA,NA
"TCGA-AA-3524",-1,NA,NA
"TCGA-AA-3525",0,NA,NA
"TCGA-AA-3526",0,NA,NA
"TCGA-AA-3527",0,NA,NA
"TCGA-AA-3529",0,NA,NA
"TCGA-AA-3530",0,NA,NA
"TCGA-AA-3531",0,NA,NA
"TCGA-AA-3532",0,NA,NA
"TCGA-AA-3534",0,NA,NA
"TCGA-AA-3538",0,NA,NA
"TCGA-AA-3542",0,NA,NA
"TCGA-AA-3543",0,NA,NA
"TCGA-AA-3544",0,NA,NA
"TCGA-AA-3548",0,NA,NA
"TCGA-AA-3549",0,NA,NA
"TCGA-AA-3552",0,NA,NA
"TCGA-AA-3553",0,NA,NA
"TCGA-AA-3554",0,NA,NA
"TCGA-AA-3555",0,NA,NA
"TCGA-AA-3556",0,NA,NA
"TCGA-AA-3558",0,NA,NA
"TCGA-AA-3560",0,NA,NA
"TCGA-AA-3561",0,NA,NA
"TCGA-AA-3562",0,NA,NA
"TCGA-AA-3655",0,NA,NA
"TCGA-AA-3660",0,NA,NA
"TCGA-AA-3662",0,NA,NA
"TCGA-AA-3663",0,NA,NA
"TCGA-AA-3664",0,NA,NA
"TCGA-AA-3666",0,NA,NA
"TCGA-AA-3667",0,NA,NA
"TCGA-AA-3672",0,NA,NA
"TCGA-AA-3673",0,NA,NA
"TCGA-AA-3675",0,NA,NA
"TCGA-AA-3678",0,NA,NA
"TCGA-AA-3679",0,NA,NA
"TCGA-AA-3680",0,NA,NA
"TCGA-AA-3681",0,NA,NA
"TCGA-AA-3684",0,NA,NA
"TCGA-AA-3685",0,NA,NA
"TCGA-AA-3688",0,NA,NA
"TCGA-AA-3692",0,NA,NA
"TCGA-AA-3693",0,NA,NA
"TCGA-AA-3695",0,NA,NA
"TCGA-AA-3696",0,NA,NA
"TCGA-AA-3697",0,NA,NA
"TCGA-AA-3710",0,NA,NA
"TCGA-AA-3712",0,NA,NA
"TCGA-AA-3713",0,NA,NA
"TCGA-AA-3715",0,NA,NA
"TCGA-AA-3811",0,NA,NA
"TCGA-AA-3812",0,NA,NA
"TCGA-AA-3814",0,NA,NA
"TCGA-AA-3818",0,NA,NA
"TCGA-AA-3819",0,NA,NA
"TCGA-AA-3821",0,NA,NA
"TCGA-AA-3831",0,NA,NA
"TCGA-AA-3833",0,NA,NA
"TCGA-AA-3837",0,NA,NA
"TCGA-AA-3841",0,NA,NA
"TCGA-AA-3842",0,NA,NA
"TCGA-AA-3844",0,NA,NA
"TCGA-AA-3845",0,NA,NA
"TCGA-AA-3846",0,NA,NA
"TCGA-AA-3848",0,NA,NA
"TCGA-AA-3850",0,NA,NA
"TCGA-AA-3851",0,NA,NA
"TCGA-AA-3852",0,NA,NA
"TCGA-AA-3854",0,NA,NA
"TCGA-AA-3855",0,NA,NA
"TCGA-AA-3856",0,NA,NA
"TCGA-AA-3858",0,NA,NA
"TCGA-AA-3860",0,NA,NA
"TCGA-AA-3864",0,NA,NA
"TCGA-AA-3866",0,NA,NA
"TCGA-AA-3867",0,NA,NA
"TCGA-AA-3869",0,NA,NA
"TCGA-AA-3870",0,NA,NA
"TCGA-AA-3872",0,NA,NA
"TCGA-AA-3875",0,NA,NA
"TCGA-AA-3877",0,NA,NA
"TCGA-AA-3930",0,NA,NA
"TCGA-AA-3939",0,NA,NA
"TCGA-AA-3941",0,NA,NA
"TCGA-AA-3947",0,NA,NA
"TCGA-AA-3949",0,NA,NA
"TCGA-AA-3950",0,NA,NA
"TCGA-AA-3952",0,NA,NA
"TCGA-AA-3955",0,NA,NA
"TCGA-AA-3956",0,NA,NA
"TCGA-AA-3966",0,NA,NA
"TCGA-AA-3968",0,NA,NA
"TCGA-AA-3971",0,NA,NA
"TCGA-AA-3972",0,NA,NA
"TCGA-AA-3973",0,NA,NA
"TCGA-AA-3975",0,NA,NA
"TCGA-AA-3976",0,NA,NA
"TCGA-AA-3977",0,NA,NA
"TCGA-AA-3979",0,NA,NA
"TCGA-AA-3982",0,NA,NA
"TCGA-AA-3984",0,NA,NA
"TCGA-AA-3986",0,NA,NA
"TCGA-AA-3989",0,NA,NA
"TCGA-AA-3994",0,NA,NA
"TCGA-AA-A004",0,NA,NA
"TCGA-AA-A00A",0,NA,NA
"TCGA-AA-A00D",0,NA,NA
"TCGA-AA-A00E",0,NA,NA
"TCGA-AA-A00F",0,NA,NA
"TCGA-AA-A00J",0,NA,NA
"TCGA-AA-A00K",0,NA,NA
"TCGA-AA-A00L",0,NA,NA
"TCGA-AA-A00N",0,NA,NA
"TCGA-AA-A00O",0,NA,NA
"TCGA-AA-A00Q",0,NA,NA
"TCGA-AA-A00R",0,NA,NA
"TCGA-AA-A00U",0,NA,NA
"TCGA-AA-A00W",0,NA,NA
"TCGA-AA-A00Z",0,NA,NA
"TCGA-AA-A010",0,NA,NA
"TCGA-AA-A017",0,NA,NA
"TCGA-AA-A01C",0,NA,NA
"TCGA-AA-A01D",0,NA,NA
"TCGA-AA-A01F",0,NA,NA
"TCGA-AA-A01G",0,NA,NA
"TCGA-AA-A01I",0,NA,NA
"TCGA-AA-A01K",0,NA,NA
"TCGA-AA-A01P",0,NA,NA
"TCGA-AA-A01Q",0,NA,NA
"TCGA-AA-A01R",0,NA,NA
"TCGA-AA-A01S",0,NA,NA
"TCGA-AA-A01T",0,NA,NA
"TCGA-AA-A01V",0,NA,NA
"TCGA-AA-A01X",0,NA,NA
"TCGA-AA-A01Z",0,NA,NA
"TCGA-AA-A022",0,NA,NA
"TCGA-AA-A024",0,NA,NA
"TCGA-AA-A029",0,NA,NA
"TCGA-AA-A02E",0,NA,NA
"TCGA-AA-A02F",0,NA,NA
"TCGA-AA-A02H",0,NA,NA
"TCGA-AA-A02J",0,NA,NA
"TCGA-AA-A02O",0,NA,NA
"TCGA-AA-A02R",0,NA,NA
"TCGA-AA-A02W",0,NA,NA
"TCGA-AA-A02Y",0,NA,NA
"TCGA-AA-A03F",0,NA,NA
"TCGA-AA-A03J",0,NA,NA
"TCGA-AD-5900",0,NA,NA
"TCGA-AD-6548",0,NA,NA
"TCGA-AD-6888",0,NA,NA
"TCGA-AD-6889",0,NA,NA
"TCGA-AD-6890",0,NA,NA
"TCGA-AD-6895",0,NA,NA
"TCGA-AD-6899",0,NA,NA
"TCGA-AD-6901",0,NA,NA
"TCGA-AD-6963",0,NA,NA
"TCGA-AD-6964",0,NA,NA
"TCGA-AD-6965",0,NA,NA
"TCGA-AD-A5EJ",0,NA,NA
"TCGA-AD-A5EK",0,NA,NA
"TCGA-AM-5820",0,NA,NA
"TCGA-AM-5821",0,NA,NA
"TCGA-AU-3779",0,NA,NA
"TCGA-AU-6004",0,NA,NA
"TCGA-AY-4070",0,NA,NA
"TCGA-AY-4071",0,NA,NA
"TCGA-AY-5543",0,NA,NA
"TCGA-AY-6196",0,NA,NA
"TCGA-AY-6197",0,NA,NA
"TCGA-AY-6386",0,NA,NA
"TCGA-AY-A54L",0,NA,NA
"TCGA-AY-A69D",0,NA,NA
"TCGA-AY-A71X",0,NA,NA
"TCGA-AY-A8YK",0,NA,NA
"TCGA-AZ-4308",0,NA,NA
"TCGA-AZ-4313",0,NA,NA
"TCGA-AZ-4315",0,NA,NA
"TCGA-AZ-4323",0,NA,NA
"TCGA-AZ-4614",1,NA,NA
"TCGA-AZ-4615",0,NA,NA
"TCGA-AZ-4616",0,NA,NA
"TCGA-AZ-4681",0,NA,NA
"TCGA-AZ-4682",0,NA,NA
"TCGA-AZ-4684",0,NA,NA
"TCGA-AZ-5403",0,NA,NA
"TCGA-AZ-5407",0,NA,NA
"TCGA-AZ-6598",0,NA,NA
"TCGA-AZ-6599",0,NA,NA
"TCGA-AZ-6600",0,NA,NA
"TCGA-AZ-6601",0,NA,NA
"TCGA-AZ-6603",0,NA,NA
"TCGA-AZ-6605",0,NA,NA
"TCGA-AZ-6606",0,NA,NA
"TCGA-AZ-6607",0,NA,NA
"TCGA-AZ-6608",0,NA,NA
"TCGA-CA-5254",0,NA,NA
"TCGA-CA-5255",0,NA,NA
"TCGA-CA-5256",0,NA,NA
"TCGA-CA-5796",0,NA,NA
"TCGA-CA-5797",0,NA,NA
"TCGA-CA-6715",0,NA,NA
"TCGA-CA-6716",0,NA,NA
"TCGA-CA-6717",0,NA,NA
"TCGA-CA-6718",0,NA,NA
"TCGA-CA-6719",0,NA,NA
"TCGA-CK-4947",0,NA,NA
"TCGA-CK-4948",0,NA,NA
"TCGA-CK-4950",0,NA,NA
"TCGA-CK-4951",0,NA,NA
"TCGA-CK-4952",0,NA,NA
"TCGA-CK-5912",0,NA,NA
"TCGA-CK-5913",0,NA,NA
"TCGA-CK-5914",0,NA,NA
"TCGA-CK-5915",0,NA,NA
"TCGA-CK-5916",0,NA,NA
"TCGA-CK-6746",0,NA,NA
"TCGA-CK-6747",0,NA,NA
"TCGA-CK-6748",0,NA,NA
"TCGA-CK-6751",0,NA,NA
"TCGA-CM-4743",0,NA,NA
"TCGA-CM-4744",0,NA,NA
"TCGA-CM-4746",0,NA,NA
"TCGA-CM-4747",0,NA,NA
"TCGA-CM-4748",0,NA,NA
"TCGA-CM-4750",0,NA,NA
"TCGA-CM-4751",0,NA,NA
"TCGA-CM-4752",0,NA,NA
"TCGA-CM-5341",0,NA,NA
"TCGA-CM-5344",0,NA,NA
"TCGA-CM-5348",0,NA,NA
"TCGA-CM-5349",0,NA,NA
"TCGA-CM-5860",0,NA,NA
"TCGA-CM-5861",0,NA,NA
"TCGA-CM-5862",0,NA,NA
"TCGA-CM-5863",0,NA,NA
"TCGA-CM-5864",0,NA,NA
"TCGA-CM-5868",0,NA,NA
"TCGA-CM-6161",0,NA,NA
"TCGA-CM-6162",0,NA,NA
"TCGA-CM-6163",0,NA,NA
"TCGA-CM-6164",0,NA,NA
"TCGA-CM-6165",0,NA,NA
"TCGA-CM-6166",0,NA,NA
"TCGA-CM-6167",0,NA,NA
"TCGA-CM-6168",0,NA,NA
"TCGA-CM-6169",0,NA,NA
"TCGA-CM-6170",0,NA,NA
"TCGA-CM-6171",0,NA,NA
"TCGA-CM-6172",0,NA,NA
"TCGA-CM-6674",0,NA,NA
"TCGA-CM-6675",0,NA,NA
"TCGA-CM-6676",0,NA,NA
"TCGA-CM-6677",0,NA,NA
"TCGA-CM-6678",0,NA,NA
"TCGA-CM-6679",0,NA,NA
"TCGA-CM-6680",0,NA,NA
"TCGA-D5-5537",0,NA,NA
"TCGA-D5-5538",0,NA,NA
"TCGA-D5-5539",0,NA,NA
"TCGA-D5-5540",0,NA,NA
"TCGA-D5-5541",0,NA,NA
"TCGA-D5-6529",0,NA,NA
"TCGA-D5-6530",0,NA,NA
"TCGA-D5-6531",0,NA,NA
"TCGA-D5-6532",0,NA,NA
"TCGA-D5-6533",0,NA,NA
"TCGA-D5-6534",0,NA,NA
"TCGA-D5-6535",0,NA,NA
"TCGA-D5-6536",0,NA,NA
"TCGA-D5-6537",0,NA,NA
"TCGA-D5-6538",1,NA,NA
"TCGA-D5-6539",0,NA,NA
"TCGA-D5-6540",0,NA,NA
"TCGA-D5-6541",0,NA,NA
"TCGA-D5-6898",0,NA,NA
"TCGA-D5-6920",0,NA,NA
"TCGA-D5-6922",0,NA,NA
"TCGA-D5-6923",0,NA,NA
"TCGA-D5-6924",0,NA,NA
"TCGA-D5-6926",0,NA,NA
"TCGA-D5-6927",0,NA,NA
"TCGA-D5-6928",0,NA,NA
"TCGA-D5-6929",0,NA,NA
"TCGA-D5-6930",0,NA,NA
"TCGA-D5-6931",0,NA,NA
"TCGA-D5-6932",0,NA,NA
"TCGA-D5-7000",0,NA,NA
"TCGA-DM-A0X9",0,NA,NA
"TCGA-DM-A0XD",0,NA,NA
"TCGA-DM-A0XF",0,NA,NA
"TCGA-DM-A1D0",0,NA,NA
"TCGA-DM-A1D4",0,NA,NA
"TCGA-DM-A1D6",0,NA,NA
"TCGA-DM-A1D7",0,NA,NA
"TCGA-DM-A1D8",0,NA,NA
"TCGA-DM-A1D9",0,NA,NA
"TCGA-DM-A1DA",0,NA,NA
"TCGA-DM-A1DB",0,NA,NA
"TCGA-DM-A1HA",0,NA,NA
"TCGA-DM-A1HB",0,NA,NA
"TCGA-DM-A280",0,NA,NA
"TCGA-DM-A282",0,NA,NA
"TCGA-DM-A285",0,NA,NA
"TCGA-DM-A288",0,NA,NA
"TCGA-DM-A28A",0,NA,NA
"TCGA-DM-A28C",0,NA,NA
"TCGA-DM-A28E",0,NA,NA
"TCGA-DM-A28F",0,NA,NA
"TCGA-DM-A28G",0,NA,NA
"TCGA-DM-A28H",0,NA,NA
"TCGA-DM-A28K",0,NA,NA
"TCGA-DM-A28M",0,NA,NA
"TCGA-F4-6459",0,NA,NA
"TCGA-F4-6460",0,NA,NA
"TCGA-F4-6461",0,NA,NA
"TCGA-F4-6463",0,NA,NA
"TCGA-F4-6569",0,NA,NA
"TCGA-F4-6570",0,NA,NA
"TCGA-F4-6703",0,NA,NA
"TCGA-F4-6704",0,NA,NA
"TCGA-F4-6805",0,NA,NA
"TCGA-F4-6806",0,NA,NA
"TCGA-F4-6807",0,NA,NA
"TCGA-F4-6808",0,NA,NA
"TCGA-F4-6809",0,NA,NA
"TCGA-F4-6854",0,NA,NA
"TCGA-F4-6855",0,NA,NA
"TCGA-F4-6856",0,NA,NA
"TCGA-G4-6293",0,NA,NA
"TCGA-G4-6294",0,NA,NA
"TCGA-G4-6295",0,NA,NA
"TCGA-G4-6297",0,NA,NA
"TCGA-G4-6298",0,NA,NA
"TCGA-G4-6299",0,NA,NA
"TCGA-G4-6302",0,NA,NA
"TCGA-G4-6303",0,NA,NA
"TCGA-G4-6304",0,NA,NA
"TCGA-G4-6306",0,NA,NA
"TCGA-G4-6307",0,NA,NA
"TCGA-G4-6309",0,NA,NA
"TCGA-G4-6310",0,NA,NA
"TCGA-G4-6311",0,NA,NA
"TCGA-G4-6314",0,NA,NA
"TCGA-G4-6315",0,NA,NA
"TCGA-G4-6317",0,NA,NA
"TCGA-G4-6320",0,NA,NA
"TCGA-G4-6321",0,NA,NA
"TCGA-G4-6322",0,NA,NA
"TCGA-G4-6323",0,NA,NA
"TCGA-G4-6586",0,NA,NA
"TCGA-G4-6588",0,NA,NA
"TCGA-G4-6625",0,NA,NA
"TCGA-G4-6626",0,NA,NA
"TCGA-G4-6627",0,NA,NA
"TCGA-G4-6628",0,NA,NA
"TCGA-NH-A50T",0,NA,NA
"TCGA-NH-A50U",0,NA,NA
"TCGA-NH-A50V",0,NA,NA
"TCGA-NH-A5IV",0,NA,NA
"TCGA-NH-A6GA",0,NA,NA
"TCGA-NH-A6GB",0,NA,NA
"TCGA-NH-A6GC",0,NA,NA
"TCGA-NH-A8F7",0,NA,NA
"TCGA-NH-A8F8",0,NA,NA
"TCGA-QG-A5YV",0,NA,NA
"TCGA-QG-A5YW",0,NA,NA
"TCGA-QG-A5YX",0,NA,NA
"TCGA-QG-A5Z1",0,NA,NA
"TCGA-QG-A5Z2",0,NA,NA
"TCGA-QL-A97D",0,NA,NA
"TCGA-RU-A8FL",0,NA,NA
"TCGA-SS-A7HO",0,NA,NA
"TCGA-T9-A92H",0,NA,NA
"TCGA-WS-AB45",0,NA,NA
"TCGA-AF-2687",0,NA,NA
"TCGA-AF-2689",1,NA,NA
"TCGA-AF-2690",0,NA,NA
"TCGA-AF-2691",0,NA,NA
"TCGA-AF-2692",0,NA,NA
"TCGA-AF-2693",0,NA,NA
"TCGA-AF-3400",0,NA,NA
"TCGA-AF-3911",0,NA,NA
"TCGA-AF-3913",0,NA,NA
"TCGA-AF-4110",0,NA,NA
"TCGA-AF-5654",0,NA,NA
"TCGA-AF-6136",0,NA,NA
"TCGA-AF-6655",0,NA,NA
"TCGA-AF-6672",0,NA,NA
"TCGA-AF-A56K",0,NA,NA
"TCGA-AF-A56L",0,NA,NA
"TCGA-AF-A56N",0,NA,NA
"TCGA-AG-3574",0,NA,NA
"TCGA-AG-3575",0,NA,NA
"TCGA-AG-3578",0,NA,NA
"TCGA-AG-3580",0,NA,NA
"TCGA-AG-3581",0,NA,NA
"TCGA-AG-3582",0,NA,NA
"TCGA-AG-3583",0,NA,NA
"TCGA-AG-3584",0,NA,NA
"TCGA-AG-3586",0,NA,NA
"TCGA-AG-3587",0,NA,NA
"TCGA-AG-3591",0,NA,NA
"TCGA-AG-3592",0,NA,NA
"TCGA-AG-3593",0,NA,NA
"TCGA-AG-3594",0,NA,NA
"TCGA-AG-3598",0,NA,NA
"TCGA-AG-3599",0,NA,NA
"TCGA-AG-3600",0,NA,NA
"TCGA-AG-3601",0,NA,NA
"TCGA-AG-3602",0,NA,NA
"TCGA-AG-3605",0,NA,NA
"TCGA-AG-3608",0,NA,NA
"TCGA-AG-3609",0,NA,NA
"TCGA-AG-3611",0,NA,NA
"TCGA-AG-3612",0,NA,NA
"TCGA-AG-3725",0,NA,NA
"TCGA-AG-3726",0,NA,NA
"TCGA-AG-3727",0,NA,NA
"TCGA-AG-3728",0,NA,NA
"TCGA-AG-3731",0,NA,NA
"TCGA-AG-3732",0,NA,NA
"TCGA-AG-3742",0,NA,NA
"TCGA-AG-3878",0,NA,NA
"TCGA-AG-3881",0,NA,NA
"TCGA-AG-3882",0,NA,NA
"TCGA-AG-3883",0,NA,NA
"TCGA-AG-3885",0,NA,NA
"TCGA-AG-3887",0,NA,NA
"TCGA-AG-3890",0,NA,NA
"TCGA-AG-3892",0,NA,NA
"TCGA-AG-3893",0,NA,NA
"TCGA-AG-3894",0,NA,NA
"TCGA-AG-3896",0,NA,NA
"TCGA-AG-3898",0,NA,NA
"TCGA-AG-3901",0,NA,NA
"TCGA-AG-3902",0,NA,NA
"TCGA-AG-3909",0,NA,NA
"TCGA-AG-3999",0,NA,NA
"TCGA-AG-4001",0,NA,NA
"TCGA-AG-4005",0,NA,NA
"TCGA-AG-4007",0,NA,NA
"TCGA-AG-4008",0,NA,NA
"TCGA-AG-4015",0,NA,NA
"TCGA-AG-4021",0,NA,NA
"TCGA-AG-4022",0,NA,NA
"TCGA-AG-A002",0,NA,NA
"TCGA-AG-A008",0,NA,NA
"TCGA-AG-A00C",0,NA,NA
"TCGA-AG-A00H",0,NA,NA
"TCGA-AG-A00Y",0,NA,NA
"TCGA-AG-A011",0,NA,NA
"TCGA-AG-A014",0,NA,NA
"TCGA-AG-A015",0,NA,NA
"TCGA-AG-A016",0,NA,NA
"TCGA-AG-A01J",0,NA,NA
"TCGA-AG-A01L",0,NA,NA
"TCGA-AG-A01N",0,NA,NA
"TCGA-AG-A01W",0,NA,NA
"TCGA-AG-A01Y",0,NA,NA
"TCGA-AG-A020",0,NA,NA
"TCGA-AG-A023",0,NA,NA
"TCGA-AG-A025",0,NA,NA
"TCGA-AG-A026",0,NA,NA
"TCGA-AG-A02G",0,NA,NA
"TCGA-AG-A02N",0,NA,NA
"TCGA-AG-A02X",0,NA,NA
"TCGA-AG-A032",0,NA,NA
"TCGA-AG-A036",0,NA,NA
"TCGA-AH-6544",0,NA,NA
"TCGA-AH-6547",0,NA,NA
"TCGA-AH-6643",0,NA,NA
"TCGA-AH-6644",0,NA,NA
"TCGA-AH-6897",0,NA,NA
"TCGA-AH-6903",0,NA,NA
"TCGA-BM-6198",0,NA,NA
"TCGA-CI-6619",0,NA,NA
"TCGA-CI-6620",0,NA,NA
"TCGA-CI-6621",0,NA,NA
"TCGA-CI-6622",0,NA,NA
"TCGA-CI-6623",0,NA,NA
"TCGA-CI-6624",0,NA,NA
"TCGA-CL-4957",0,NA,NA
"TCGA-CL-5917",0,NA,NA
"TCGA-CL-5918",0,NA,NA
"TCGA-DC-4745",0,NA,NA
"TCGA-DC-4749",0,NA,NA
"TCGA-DC-5337",0,NA,NA
"TCGA-DC-5869",0,NA,NA
"TCGA-DC-6154",0,NA,NA
"TCGA-DC-6155",0,NA,NA
"TCGA-DC-6156",0,NA,NA
"TCGA-DC-6157",0,NA,NA
"TCGA-DC-6158",1,NA,NA
"TCGA-DC-6160",0,NA,NA
"TCGA-DC-6681",0,NA,NA
"TCGA-DC-6682",0,NA,NA
"TCGA-DC-6683",0,NA,NA
"TCGA-DT-5265",0,NA,NA
"TCGA-DY-A0XA",0,NA,NA
"TCGA-DY-A1DC",0,NA,NA
"TCGA-DY-A1DD",0,NA,NA
"TCGA-DY-A1DE",0,NA,NA
"TCGA-DY-A1DF",0,NA,NA
"TCGA-DY-A1DG",0,NA,NA
"TCGA-DY-A1H8",0,NA,NA
"TCGA-EF-5830",0,NA,NA
"TCGA-EF-5831",0,NA,NA
"TCGA-EI-6506",0,NA,NA
"TCGA-EI-6507",0,NA,NA
"TCGA-EI-6508",0,NA,NA
"TCGA-EI-6509",0,NA,NA
"TCGA-EI-6510",0,NA,NA
"TCGA-EI-6511",0,NA,NA
"TCGA-EI-6512",0,NA,NA
"TCGA-EI-6513",0,NA,NA
"TCGA-EI-6514",0,NA,NA
"TCGA-EI-6881",0,NA,NA
"TCGA-EI-6882",0,NA,NA
"TCGA-EI-6883",0,NA,NA
"TCGA-EI-6884",0,NA,NA
"TCGA-EI-6885",0,NA,NA
"TCGA-EI-6917",0,NA,NA
"TCGA-EI-7002",0,NA,NA
"TCGA-EI-7004",0,NA,NA
"TCGA-F5-6464",0,NA,NA
"TCGA-F5-6465",0,NA,NA
"TCGA-F5-6571",0,NA,NA
"TCGA-F5-6702",0,NA,NA
"TCGA-F5-6810",0,NA,NA
"TCGA-F5-6811",0,NA,NA
"TCGA-F5-6812",0,NA,NA
"TCGA-F5-6813",0,NA,NA
"TCGA-F5-6814",0,NA,NA
"TCGA-F5-6861",0,NA,NA
"TCGA-F5-6863",0,NA,NA
"TCGA-F5-6864",0,NA,NA
"TCGA-G5-6233",0,NA,NA
"TCGA-G5-6235",0,NA,NA
"TCGA-G5-6572",0,NA,NA
"TCGA-G5-6641",0,NA,NA
"TCGA-2J-AAB1",NA,NA,NA
"TCGA-2J-AAB4",NA,NA,NA
"TCGA-2J-AAB6",NA,NA,NA
"TCGA-2J-AAB8",NA,NA,NA
"TCGA-2J-AAB9",NA,NA,NA
"TCGA-2J-AABA",NA,NA,NA
"TCGA-2J-AABE",NA,NA,NA
"TCGA-2J-AABF",NA,NA,NA
"TCGA-2J-AABH",NA,NA,NA
"TCGA-2J-AABI",NA,NA,NA
"TCGA-2J-AABK",NA,NA,NA
"TCGA-2J-AABO",NA,NA,NA
"TCGA-2J-AABP",NA,NA,NA
"TCGA-2J-AABR",NA,NA,NA
"TCGA-2J-AABT",NA,NA,NA
"TCGA-2J-AABU",NA,NA,NA
"TCGA-2J-AABV",NA,NA,NA
"TCGA-2L-AAQA",NA,NA,NA
"TCGA-2L-AAQE",NA,NA,NA
"TCGA-2L-AAQI",NA,NA,NA
"TCGA-2L-AAQJ",NA,NA,NA
"TCGA-2L-AAQL",NA,NA,NA
"TCGA-2L-AAQM",NA,NA,NA
"TCGA-3A-A9I5",NA,NA,NA
"TCGA-3A-A9I7",NA,NA,NA
"TCGA-3A-A9I9",NA,NA,NA
"TCGA-3A-A9IB",NA,NA,NA
"TCGA-3A-A9IC",NA,NA,NA
"TCGA-3A-A9IH",NA,NA,NA
"TCGA-3A-A9IJ",NA,NA,NA
"TCGA-3A-A9IL",NA,NA,NA
"TCGA-3A-A9IN",NA,NA,NA
"TCGA-3A-A9IO",NA,NA,NA
"TCGA-3A-A9IR",NA,NA,NA
"TCGA-3A-A9IS",NA,NA,NA
"TCGA-3A-A9IU",NA,NA,NA
"TCGA-3A-A9IV",NA,NA,NA
"TCGA-3A-A9IX",NA,NA,NA
"TCGA-3A-A9IZ",NA,NA,NA
"TCGA-3A-A9J0",NA,NA,NA
"TCGA-3E-AAAY",NA,NA,NA
"TCGA-3E-AAAZ",NA,NA,NA
"TCGA-F2-6879",NA,NA,NA
"TCGA-F2-6880",NA,NA,NA
"TCGA-F2-7273",NA,NA,NA
"TCGA-F2-7276",NA,NA,NA
"TCGA-F2-A44G",NA,NA,NA
"TCGA-F2-A44H",NA,NA,NA
"TCGA-F2-A7TX",NA,NA,NA
"TCGA-F2-A8YN",NA,NA,NA
"TCGA-FB-A4P5",NA,NA,NA
"TCGA-FB-A545",NA,NA,NA
"TCGA-FB-A5VM",NA,NA,NA
"TCGA-FB-A78T",NA,NA,NA
"TCGA-FB-A7DR",NA,NA,NA
"TCGA-FB-AAPP",NA,NA,NA
"TCGA-FB-AAPQ",NA,NA,NA
"TCGA-FB-AAPS",NA,NA,NA
"TCGA-FB-AAPU",NA,NA,NA
"TCGA-FB-AAPY",NA,NA,NA
"TCGA-FB-AAPZ",NA,NA,NA
"TCGA-FB-AAQ0",NA,NA,NA
"TCGA-FB-AAQ1",NA,NA,NA
"TCGA-FB-AAQ2",NA,NA,NA
"TCGA-FB-AAQ3",NA,NA,NA
"TCGA-FB-AAQ6",NA,NA,NA
"TCGA-FZ-5919",NA,NA,NA
"TCGA-FZ-5920",NA,NA,NA
"TCGA-FZ-5921",NA,NA,NA
"TCGA-FZ-5922",NA,NA,NA
"TCGA-FZ-5923",NA,NA,NA
"TCGA-FZ-5924",NA,NA,NA
"TCGA-FZ-5926",NA,NA,NA
"TCGA-H6-8124",NA,NA,NA
"TCGA-H6-A45N",NA,NA,NA
"TCGA-H8-A6C1",NA,NA,NA
"TCGA-HV-A5A3",NA,NA,NA
"TCGA-HV-A5A4",NA,NA,NA
"TCGA-HV-A5A5",NA,NA,NA
"TCGA-HV-A5A6",NA,NA,NA
"TCGA-HV-A7OL",NA,NA,NA
"TCGA-HV-A7OP",NA,NA,NA
"TCGA-HV-AA8V",NA,NA,NA
"TCGA-HV-AA8X",NA,NA,NA
"TCGA-HZ-7289",NA,NA,NA
"TCGA-HZ-7918",NA,NA,NA
"TCGA-HZ-7919",NA,NA,NA
"TCGA-HZ-7920",NA,NA,NA
"TCGA-HZ-7922",NA,NA,NA
"TCGA-HZ-7923",NA,NA,NA
"TCGA-HZ-7924",NA,NA,NA
"TCGA-HZ-7925",NA,NA,NA
"TCGA-HZ-7926",NA,NA,NA
"TCGA-HZ-8001",NA,NA,NA
"TCGA-HZ-8002",NA,NA,NA
"TCGA-HZ-8003",NA,NA,NA
"TCGA-HZ-8005",NA,NA,NA
"TCGA-HZ-8315",NA,NA,NA
"TCGA-HZ-8317",NA,NA,NA
"TCGA-HZ-8519",NA,NA,NA
"TCGA-HZ-8636",NA,NA,NA
"TCGA-HZ-8637",NA,NA,NA
"TCGA-HZ-8638",NA,NA,NA
"TCGA-HZ-A49G",NA,NA,NA
"TCGA-HZ-A49H",NA,NA,NA
"TCGA-HZ-A49I",NA,NA,NA
"TCGA-HZ-A4BH",NA,NA,NA
"TCGA-HZ-A4BK",NA,NA,NA
"TCGA-HZ-A77O",NA,NA,NA
"TCGA-HZ-A77P",NA,NA,NA
"TCGA-HZ-A77Q",NA,NA,NA
"TCGA-HZ-A8P0",NA,NA,NA
"TCGA-HZ-A8P1",NA,NA,NA
"TCGA-HZ-A9TJ",NA,NA,NA
"TCGA-IB-7644",NA,NA,NA
"TCGA-IB-7645",NA,NA,NA
"TCGA-IB-7646",NA,NA,NA
"TCGA-IB-7647",NA,NA,NA
"TCGA-IB-7649",NA,NA,NA
"TCGA-IB-7651",NA,NA,NA
"TCGA-IB-7652",NA,NA,NA
"TCGA-IB-7654",NA,NA,NA
"TCGA-IB-7885",NA,NA,NA
"TCGA-IB-7886",NA,NA,NA
"TCGA-IB-7887",NA,NA,NA
"TCGA-IB-7888",NA,NA,NA
"TCGA-IB-7889",NA,NA,NA
"TCGA-IB-7890",NA,NA,NA
"TCGA-IB-7891",NA,NA,NA
"TCGA-IB-7893",NA,NA,NA
"TCGA-IB-7897",NA,NA,NA
"TCGA-IB-8126",NA,NA,NA
"TCGA-IB-8127",NA,NA,NA
"TCGA-IB-A5SO",NA,NA,NA
"TCGA-IB-A5SP",NA,NA,NA
"TCGA-IB-A5SQ",NA,NA,NA
"TCGA-IB-A5SS",NA,NA,NA
"TCGA-IB-A5ST",NA,NA,NA
"TCGA-IB-A6UF",NA,NA,NA
"TCGA-IB-A6UG",NA,NA,NA
"TCGA-IB-A7LX",NA,NA,NA
"TCGA-IB-A7M4",NA,NA,NA
"TCGA-IB-AAUM",NA,NA,NA
"TCGA-IB-AAUN",NA,NA,NA
"TCGA-IB-AAUO",NA,NA,NA
"TCGA-IB-AAUP",NA,NA,NA
"TCGA-IB-AAUQ",NA,NA,NA
"TCGA-IB-AAUR",NA,NA,NA
"TCGA-IB-AAUS",NA,NA,NA
"TCGA-IB-AAUT",NA,NA,NA
"TCGA-IB-AAUU",NA,NA,NA
"TCGA-IB-AAUV",NA,NA,NA
"TCGA-IB-AAUW",NA,NA,NA
"TCGA-L1-A7W4",NA,NA,NA
"TCGA-LB-A7SX",NA,NA,NA
"TCGA-LB-A8F3",NA,NA,NA
"TCGA-LB-A9Q5",NA,NA,NA
"TCGA-M8-A5N4",NA,NA,NA
"TCGA-OE-A75W",NA,NA,NA
"TCGA-PZ-A5RE",NA,NA,NA
"TCGA-Q3-A5QY",NA,NA,NA
"TCGA-Q3-AA2A",NA,NA,NA
"TCGA-RB-A7B8",NA,NA,NA
"TCGA-RB-AA9M",NA,NA,NA
"TCGA-RL-AAAS",NA,NA,NA
"TCGA-S4-A8RM",NA,NA,NA
"TCGA-S4-A8RO",NA,NA,NA
"TCGA-S4-A8RP",NA,NA,NA
"TCGA-US-A774",NA,NA,NA
"TCGA-US-A776",NA,NA,NA
"TCGA-US-A779",NA,NA,NA
"TCGA-US-A77E",NA,NA,NA
"TCGA-US-A77G",NA,NA,NA
"TCGA-US-A77J",NA,NA,NA
"TCGA-XD-AAUG",NA,NA,NA
"TCGA-XD-AAUH",NA,NA,NA
"TCGA-XD-AAUI",NA,NA,NA
"TCGA-XD-AAUL",NA,NA,NA
"TCGA-XN-A8T3",NA,NA,NA
"TCGA-XN-A8T5",NA,NA,NA
"TCGA-YB-A89D",NA,NA,NA
"TCGA-YH-A8SY",NA,NA,NA
"TCGA-YY-A8LH",NA,NA,NA
"TCGA-Z5-AAPL",NA,NA,NA
"TCGA-3M-AB46",0,0,0
"TCGA-3M-AB47",0,0,0
"TCGA-B7-5816",0,0,0
"TCGA-B7-5818",0,0,0
"TCGA-B7-A5TI",0,0,0
"TCGA-B7-A5TJ",0,0,0
"TCGA-B7-A5TK",0,0,0
"TCGA-B7-A5TN",0,0,0
"TCGA-BR-4183",0,0,0
"TCGA-BR-4184",0,0,0
"TCGA-BR-4187",0,0,0
"TCGA-BR-4188",0,0,0
"TCGA-BR-4191",0,0,0
"TCGA-BR-4201",0,0,0
"TCGA-BR-4253",0,0,0
"TCGA-BR-4255",0,0,0
"TCGA-BR-4256",0,0,0
"TCGA-BR-4257",0,0,0
"TCGA-BR-4267",0,0,0
"TCGA-BR-4279",0,0,0
"TCGA-BR-4280",0,0,0
"TCGA-BR-4292",0,0,0
"TCGA-BR-4294",0,0,0
"TCGA-BR-4357",0,0,0
"TCGA-BR-4361",0,0,0
"TCGA-BR-4362",0,0,0
"TCGA-BR-4363",0,0,0
"TCGA-BR-4366",0,0,0
"TCGA-BR-4367",0,0,0
"TCGA-BR-4368",0,0,0
"TCGA-BR-4369",0,0,0
"TCGA-BR-4370",0,0,0
"TCGA-BR-4371",0,0,0
"TCGA-BR-6452",0,0,0
"TCGA-BR-6453",0,0,0
"TCGA-BR-6454",0,0,0
"TCGA-BR-6455",0,0,0
"TCGA-BR-6456",0,0,0
"TCGA-BR-6457",0,0,0
"TCGA-BR-6458",0,0,0
"TCGA-BR-6563",0,0,0
"TCGA-BR-6564",0,0,0
"TCGA-BR-6565",0,0,0
"TCGA-BR-6566",0,0,0
"TCGA-BR-6705",0,0,0
"TCGA-BR-6706",0,0,0
"TCGA-BR-6707",0,0,0
"TCGA-BR-6709",0,0,0
"TCGA-BR-6710",0,0,0
"TCGA-BR-6801",0,0,0
"TCGA-BR-6802",0,0,0
"TCGA-BR-6803",0,0,0
"TCGA-BR-6852",0,0,0
"TCGA-BR-7196",0,0,0
"TCGA-BR-7197",0,0,0
"TCGA-BR-7703",0,0,0
"TCGA-BR-7704",0,0,0
"TCGA-BR-7707",0,0,0
"TCGA-BR-7715",0,0,0
"TCGA-BR-7716",0,0,0
"TCGA-BR-7717",0,0,0
"TCGA-BR-7722",0,0,0
"TCGA-BR-7723",0,0,0
"TCGA-BR-7851",0,0,0
"TCGA-BR-7901",0,0,0
"TCGA-BR-7957",0,0,0
"TCGA-BR-7958",0,0,0
"TCGA-BR-7959",0,0,0
"TCGA-BR-8058",0,0,0
"TCGA-BR-8059",0,0,0
"TCGA-BR-8060",0,0,0
"TCGA-BR-8077",0,0,0
"TCGA-BR-8078",0,0,0
"TCGA-BR-8080",0,0,0
"TCGA-BR-8081",0,0,0
"TCGA-BR-8284",0,0,0
"TCGA-BR-8285",0,0,0
"TCGA-BR-8286",0,0,0
"TCGA-BR-8289",0,0,0
"TCGA-BR-8291",0,0,0
"TCGA-BR-8295",0,0,0
"TCGA-BR-8296",0,0,0
"TCGA-BR-8297",0,0,0
"TCGA-BR-8360",0,0,0
"TCGA-BR-8361",0,0,0
"TCGA-BR-8362",0,0,0
"TCGA-BR-8363",0,0,0
"TCGA-BR-8364",0,0,0
"TCGA-BR-8365",0,0,0
"TCGA-BR-8366",0,0,0
"TCGA-BR-8367",0,0,0
"TCGA-BR-8368",0,0,0
"TCGA-BR-8369",0,0,0
"TCGA-BR-8370",0,0,0
"TCGA-BR-8371",0,0,0
"TCGA-BR-8372",0,0,0
"TCGA-BR-8373",0,0,0
"TCGA-BR-8380",0,0,0
"TCGA-BR-8381",0,0,0
"TCGA-BR-8382",0,0,0
"TCGA-BR-8384",0,0,0
"TCGA-BR-8483",0,0,0
"TCGA-BR-8484",0,0,0
"TCGA-BR-8485",0,0,0
"TCGA-BR-8486",0,0,0
"TCGA-BR-8487",0,0,0
"TCGA-BR-8588",0,0,0
"TCGA-BR-8589",0,0,0
"TCGA-BR-8590",0,0,0
"TCGA-BR-8591",0,0,0
"TCGA-BR-8592",0,0,0
"TCGA-BR-8676",0,0,0
"TCGA-BR-8677",0,0,0
"TCGA-BR-8678",0,0,0
"TCGA-BR-8679",0,0,0
"TCGA-BR-8680",0,0,0
"TCGA-BR-8682",0,0,0
"TCGA-BR-8683",0,0,0
"TCGA-BR-8686",0,0,0
"TCGA-BR-8687",0,0,0
"TCGA-BR-8690",0,0,0
"TCGA-BR-A44T",0,0,0
"TCGA-BR-A44U",0,0,0
"TCGA-BR-A452",0,0,0
"TCGA-BR-A453",0,0,0
"TCGA-BR-A4CQ",0,0,0
"TCGA-BR-A4CR",0,0,0
"TCGA-BR-A4CS",0,0,0
"TCGA-BR-A4IU",0,0,0
"TCGA-BR-A4IV",0,0,0
"TCGA-BR-A4IY",0,0,0
"TCGA-BR-A4IZ",0,0,0
"TCGA-BR-A4J1",0,0,0
"TCGA-BR-A4J2",0,0,0
"TCGA-BR-A4J4",0,0,0
"TCGA-BR-A4J5",0,0,0
"TCGA-BR-A4J6",0,0,0
"TCGA-BR-A4J7",0,0,0
"TCGA-BR-A4J8",0,0,0
"TCGA-BR-A4J9",0,0,0
"TCGA-BR-A4PD",0,0,0
"TCGA-BR-A4PE",0,0,0
"TCGA-BR-A4PF",0,0,0
"TCGA-BR-A4QI",0,0,0
"TCGA-BR-A4QL",0,0,0
"TCGA-BR-A4QM",0,0,0
"TCGA-CD-5798",0,0,0
"TCGA-CD-5799",0,0,0
"TCGA-CD-5800",0,0,0
"TCGA-CD-5801",0,0,0
"TCGA-CD-5802",0,0,0
"TCGA-CD-5803",0,0,0
"TCGA-CD-5804",0,0,0
"TCGA-CD-8524",0,0,0
"TCGA-CD-8525",0,0,0
"TCGA-CD-8526",0,0,0
"TCGA-CD-8527",0,0,0
"TCGA-CD-8528",0,0,0
"TCGA-CD-8529",0,0,0
"TCGA-CD-8530",0,0,0
"TCGA-CD-8531",0,0,0
"TCGA-CD-8532",0,0,0
"TCGA-CD-8533",0,0,0
"TCGA-CD-8534",0,0,0
"TCGA-CD-8535",0,1,0
"TCGA-CD-8536",0,0,0
"TCGA-CD-A486",0,0,0
"TCGA-CD-A487",0,0,0
"TCGA-CD-A489",0,0,0
"TCGA-CD-A48A",0,0,0
"TCGA-CD-A48C",0,0,0
"TCGA-CD-A4MG",0,0,0
"TCGA-CD-A4MH",0,0,0
"TCGA-CD-A4MI",0,0,0
"TCGA-CD-A4MJ",0,0,0
"TCGA-CG-4300",0,0,0
"TCGA-CG-4301",0,0,0
"TCGA-CG-4304",0,0,0
"TCGA-CG-4305",0,0,0
"TCGA-CG-4306",0,0,0
"TCGA-CG-4436",1,0,0
"TCGA-CG-4437",0,0,0
"TCGA-CG-4438",0,0,0
"TCGA-CG-4440",0,0,0
"TCGA-CG-4441",0,1,0
"TCGA-CG-4442",0,0,0
"TCGA-CG-4443",0,0,0
"TCGA-CG-4444",0,0,0
"TCGA-CG-4449",0,0,0
"TCGA-CG-4455",0,0,0
"TCGA-CG-4460",0,0,0
"TCGA-CG-4462",0,0,0
"TCGA-CG-4465",0,0,0
"TCGA-CG-4466",0,0,0
"TCGA-CG-4469",0,0,0
"TCGA-CG-4472",0,0,0
"TCGA-CG-4474",0,0,0
"TCGA-CG-4475",0,0,0
"TCGA-CG-4476",0,0,0
"TCGA-CG-4477",0,0,0
"TCGA-CG-5716",0,0,0
"TCGA-CG-5717",0,0,0
"TCGA-CG-5718",0,0,0
"TCGA-CG-5719",0,0,0
"TCGA-CG-5720",0,0,0
"TCGA-CG-5721",0,0,0
"TCGA-CG-5722",0,0,0
"TCGA-CG-5723",0,0,0
"TCGA-CG-5724",0,0,0
"TCGA-CG-5725",0,0,0
"TCGA-CG-5726",0,0,0
"TCGA-CG-5727",0,0,0
"TCGA-CG-5728",0,0,0
"TCGA-CG-5730",0,0,0
"TCGA-CG-5732",0,0,0
"TCGA-CG-5733",0,0,0
"TCGA-CG-5734",0,0,0
"TCGA-D7-5577",0,0,0
"TCGA-D7-5578",0,0,0
"TCGA-D7-5579",0,0,0
"TCGA-D7-6518",0,0,0
"TCGA-D7-6519",0,0,0
"TCGA-D7-6520",0,0,0
"TCGA-D7-6521",0,0,0
"TCGA-D7-6522",0,0,0
"TCGA-D7-6524",0,0,0
"TCGA-D7-6525",0,0,0
"TCGA-D7-6526",0,0,-1
"TCGA-D7-6527",0,0,0
"TCGA-D7-6528",0,0,0
"TCGA-D7-6815",0,0,0
"TCGA-D7-6817",0,0,0
"TCGA-D7-6818",0,0,0
"TCGA-D7-6820",0,0,0
"TCGA-D7-6822",0,0,0
"TCGA-D7-8570",0,0,0
"TCGA-D7-8572",0,0,0
"TCGA-D7-8573",0,0,0
"TCGA-D7-8574",0,0,0
"TCGA-D7-8575",0,0,0
"TCGA-D7-8576",0,0,0
"TCGA-D7-8578",0,0,0
"TCGA-D7-8579",0,0,0
"TCGA-D7-A4YT",0,0,0
"TCGA-D7-A4YU",0,0,0
"TCGA-D7-A4YV",0,0,0
"TCGA-D7-A4YX",0,0,0
"TCGA-D7-A4YY",0,0,0
"TCGA-D7-A4Z0",0,0,0
"TCGA-D7-A6ET",0,0,0
"TCGA-D7-A6EV",0,0,0
"TCGA-D7-A6EX",0,0,0
"TCGA-D7-A6EY",0,0,0
"TCGA-D7-A6EZ",0,0,0
"TCGA-D7-A6F0",0,0,0
"TCGA-D7-A6F2",0,0,0
"TCGA-D7-A747",0,0,0
"TCGA-D7-A748",0,0,0
"TCGA-D7-A74A",0,0,0
"TCGA-D7-A74B",0,0,0
"TCGA-EQ-5647",0,0,0
"TCGA-EQ-8122",0,0,0
"TCGA-EQ-A4SO",0,0,0
"TCGA-F1-6177",0,0,0
"TCGA-F1-6874",0,0,0
"TCGA-F1-6875",0,0,0
"TCGA-F1-A448",0,0,0
"TCGA-F1-A72C",0,0,0
"TCGA-FP-7735",0,0,0
"TCGA-FP-7829",0,0,0
"TCGA-FP-7916",0,0,0
"TCGA-FP-7998",0,0,0
"TCGA-FP-8099",0,0,0
"TCGA-FP-8209",0,0,0
"TCGA-FP-8210",0,0,0
"TCGA-FP-8211",0,0,0
"TCGA-FP-8631",0,0,0
"TCGA-FP-A4BE",0,0,0
"TCGA-FP-A4BF",0,0,0
"TCGA-FP-A8CX",0,0,0
"TCGA-FP-A9TM",0,0,0
"TCGA-HF-7131",0,0,0
"TCGA-HF-7132",0,0,0
"TCGA-HF-7133",0,0,0
"TCGA-HF-7134",0,0,0
"TCGA-HF-7136",0,0,0
"TCGA-HF-A5NB",0,0,0
"TCGA-HJ-7597",0,0,0
"TCGA-HU-8238",0,0,0
"TCGA-HU-8243",0,0,0
"TCGA-HU-8244",0,0,0
"TCGA-HU-8245",0,0,0
"TCGA-HU-8249",0,0,0
"TCGA-HU-8602",0,0,0
"TCGA-HU-8604",0,0,0
"TCGA-HU-8608",0,0,0
"TCGA-HU-8610",0,0,0
"TCGA-HU-A4G2",0,0,0
"TCGA-HU-A4G3",0,0,0
"TCGA-HU-A4G6",0,0,0
"TCGA-HU-A4G8",0,0,0
"TCGA-HU-A4G9",0,0,0
"TCGA-HU-A4GC",0,0,0
"TCGA-HU-A4GD",0,0,0
"TCGA-HU-A4GF",0,0,0
"TCGA-HU-A4GH",0,0,0
"TCGA-HU-A4GJ",0,0,0
"TCGA-HU-A4GN",0,0,0
"TCGA-HU-A4GP",0,0,0
"TCGA-HU-A4GQ",0,0,0
"TCGA-HU-A4GT",0,0,0
"TCGA-HU-A4GU",0,0,0
"TCGA-HU-A4GX",0,0,0
"TCGA-HU-A4GY",0,0,0
"TCGA-HU-A4H0",0,0,0
"TCGA-HU-A4H2",0,0,0
"TCGA-HU-A4H3",0,0,0
"TCGA-HU-A4H4",0,0,0
"TCGA-HU-A4H5",0,0,0
"TCGA-HU-A4H6",0,0,0
"TCGA-HU-A4H8",0,0,0
"TCGA-HU-A4HB",0,0,0
"TCGA-HU-A4HD",0,0,0
"TCGA-IN-7806",0,0,0
"TCGA-IN-7808",0,0,0
"TCGA-IN-8462",0,0,0
"TCGA-IN-8663",0,0,0
"TCGA-IN-A6RI",0,0,0
"TCGA-IN-A6RJ",0,0,0
"TCGA-IN-A6RL",0,0,0
"TCGA-IN-A6RN",0,0,0
"TCGA-IN-A6RO",0,0,0
"TCGA-IN-A6RP",0,0,0
"TCGA-IN-A6RR",0,0,0
"TCGA-IN-A6RS",0,0,0
"TCGA-IN-A7NR",0,0,0
"TCGA-IN-A7NT",0,0,0
"TCGA-IN-A7NU",0,0,0
"TCGA-IN-AB1V",0,0,0
"TCGA-IN-AB1X",0,0,0
"TCGA-IP-7968",0,0,0
"TCGA-KB-A6F5",0,0,0
"TCGA-KB-A6F7",0,0,0
"TCGA-KB-A93G",0,0,0
"TCGA-KB-A93H",0,0,0
"TCGA-KB-A93J",0,0,0
"TCGA-MX-A5UG",0,0,0
"TCGA-MX-A5UJ",0,0,0
"TCGA-MX-A663",0,0,0
"TCGA-MX-A666",0,0,0
"TCGA-R5-A7O7",0,0,0
"TCGA-R5-A7ZE",0,0,0
"TCGA-R5-A7ZF",0,0,0
"TCGA-R5-A7ZI",0,0,0
"TCGA-R5-A7ZR",0,0,0
"TCGA-R5-A804",0,0,0
"TCGA-R5-A805",0,0,0
"TCGA-RD-A7BS",0,0,0
"TCGA-RD-A7BT",0,0,0
"TCGA-RD-A7BW",0,0,0
"TCGA-RD-A7C1",0,0,0
"TCGA-RD-A8MV",0,0,0
"TCGA-RD-A8MW",0,0,0
"TCGA-RD-A8N0",0,0,0
"TCGA-RD-A8N1",0,0,0
"TCGA-RD-A8N2",0,0,0
"TCGA-RD-A8N4",0,0,0
"TCGA-RD-A8N5",0,0,0
"TCGA-RD-A8N6",0,0,0
"TCGA-RD-A8N9",0,0,0
"TCGA-RD-A8NB",0,0,0
"TCGA-SW-A7EA",0,0,0
"TCGA-SW-A7EB",0,0,0
"TCGA-VQ-A8DL",0,0,0
"TCGA-VQ-A8DT",0,0,0
"TCGA-VQ-A8DU",0,0,0
"TCGA-VQ-A8DV",0,0,0
"TCGA-VQ-A8DZ",0,0,0
"TCGA-VQ-A8E0",0,0,0
"TCGA-VQ-A8E2",0,0,0
"TCGA-VQ-A8E3",0,0,0
"TCGA-VQ-A8E7",0,0,0
"TCGA-VQ-A8P2",0,0,0
"TCGA-VQ-A8P3",0,0,0
"TCGA-VQ-A8P5",0,0,0
"TCGA-VQ-A8P8",0,0,0
"TCGA-VQ-A8PB",0,0,0
"TCGA-VQ-A8PC",0,0,0
"TCGA-VQ-A8PD",0,0,0
"TCGA-VQ-A8PE",0,0,0
"TCGA-VQ-A8PF",0,0,0
"TCGA-VQ-A8PH",0,0,0
"TCGA-VQ-A8PJ",0,0,0
"TCGA-VQ-A8PK",0,0,0
"TCGA-VQ-A8PM",0,0,0
"TCGA-VQ-A8PO",0,0,0
"TCGA-VQ-A8PP",0,0,0
"TCGA-VQ-A8PQ",0,0,0
"TCGA-VQ-A8PS",0,0,0
"TCGA-VQ-A8PT",0,0,0
"TCGA-VQ-A8PU",0,0,0
"TCGA-VQ-A8PX",0,0,0
"TCGA-VQ-A8PY",0,0,0
"TCGA-VQ-A8PZ",0,0,0
"TCGA-VQ-A91A",0,0,0
"TCGA-VQ-A91D",0,0,0
"TCGA-VQ-A91E",0,0,0
"TCGA-VQ-A91K",0,0,0
"TCGA-VQ-A91N",0,0,0
"TCGA-VQ-A91Q",0,0,0
"TCGA-VQ-A91S",0,0,0
"TCGA-VQ-A91U",0,0,0
"TCGA-VQ-A91V",0,0,0
"TCGA-VQ-A91W",0,0,0
"TCGA-VQ-A91X",0,0,0
"TCGA-VQ-A91Y",0,0,0
"TCGA-VQ-A91Z",0,0,0
"TCGA-VQ-A922",0,0,0
"TCGA-VQ-A923",0,0,0
"TCGA-VQ-A924",0,0,0
"TCGA-VQ-A925",0,0,0
"TCGA-VQ-A927",0,0,0
"TCGA-VQ-A928",0,0,0
"TCGA-VQ-A92D",0,0,0
"TCGA-VQ-A94O",0,0,0
"TCGA-VQ-A94P",0,0,0
"TCGA-VQ-A94R",0,0,0
"TCGA-VQ-A94T",0,0,0
"TCGA-VQ-A94U",0,0,0
"TCGA-VQ-AA64",0,0,0
"TCGA-VQ-AA68",0,0,0
"TCGA-VQ-AA69",0,0,0
"TCGA-VQ-AA6A",0,0,0
"TCGA-VQ-AA6B",0,0,0
"TCGA-VQ-AA6D",0,0,0
"TCGA-VQ-AA6F",0,0,0
"TCGA-VQ-AA6G",0,0,0
"TCGA-VQ-AA6I",0,0,0
"TCGA-VQ-AA6J",0,0,0
"TCGA-VQ-AA6K",0,0,0
"TCGA-ZA-A8F6",0,0,0
"TCGA-ZQ-A9CR",0,0,0
"TCGA-2V-A95S",NA,NA,NA
"TCGA-2Y-A9GS",NA,NA,NA
"TCGA-2Y-A9GT",NA,NA,NA
"TCGA-2Y-A9GU",NA,NA,NA
"TCGA-2Y-A9GV",NA,NA,NA
"TCGA-2Y-A9GW",NA,NA,NA
"TCGA-2Y-A9GX",NA,NA,NA
"TCGA-2Y-A9GY",NA,NA,NA
"TCGA-2Y-A9GZ",NA,NA,NA
"TCGA-2Y-A9H0",NA,NA,NA
"TCGA-2Y-A9H1",NA,NA,NA
"TCGA-2Y-A9H2",NA,NA,NA
"TCGA-2Y-A9H3",NA,NA,NA
"TCGA-2Y-A9H4",NA,NA,NA
"TCGA-2Y-A9H5",NA,NA,NA
"TCGA-2Y-A9H6",NA,NA,NA
"TCGA-2Y-A9H7",NA,NA,NA
"TCGA-2Y-A9H8",NA,NA,NA
"TCGA-2Y-A9H9",NA,NA,NA
"TCGA-2Y-A9HA",NA,NA,NA
"TCGA-2Y-A9HB",NA,NA,NA
"TCGA-3K-AAZ8",NA,NA,NA
"TCGA-4R-AA8I",NA,NA,NA
"TCGA-5C-A9VG",NA,NA,NA
"TCGA-5C-A9VH",NA,NA,NA
"TCGA-5C-AAPD",NA,NA,NA
"TCGA-5R-AA1C",NA,NA,NA
"TCGA-5R-AA1D",NA,NA,NA
"TCGA-5R-AAAM",NA,NA,NA
"TCGA-BC-4072",NA,NA,NA
"TCGA-BC-4073",NA,NA,NA
"TCGA-BC-A10Q",NA,NA,NA
"TCGA-BC-A10R",NA,NA,NA
"TCGA-BC-A10S",NA,NA,NA
"TCGA-BC-A10T",NA,NA,NA
"TCGA-BC-A10U",NA,NA,NA
"TCGA-BC-A10W",NA,NA,NA
"TCGA-BC-A10X",NA,NA,NA
"TCGA-BC-A10Y",NA,NA,NA
"TCGA-BC-A10Z",NA,NA,NA
"TCGA-BC-A110",NA,NA,NA
"TCGA-BC-A112",NA,NA,NA
"TCGA-BC-A216",NA,NA,NA
"TCGA-BC-A217",NA,NA,NA
"TCGA-BC-A3KF",NA,NA,NA
"TCGA-BC-A3KG",NA,NA,NA
"TCGA-BC-A5W4",NA,NA,NA
"TCGA-BC-A69H",NA,NA,NA
"TCGA-BC-A69I",NA,NA,NA
"TCGA-BC-A8YO",NA,NA,NA
"TCGA-BD-A2L6",NA,NA,NA
"TCGA-BD-A3EP",NA,NA,NA
"TCGA-BD-A3ER",NA,NA,NA
"TCGA-BW-A5NO",NA,NA,NA
"TCGA-BW-A5NP",NA,NA,NA
"TCGA-BW-A5NQ",NA,NA,NA
"TCGA-CC-5258",NA,NA,NA
"TCGA-CC-5259",NA,NA,NA
"TCGA-CC-5260",NA,NA,NA
"TCGA-CC-5261",NA,NA,NA
"TCGA-CC-5262",NA,NA,NA
"TCGA-CC-5263",NA,NA,NA
"TCGA-CC-5264",NA,NA,NA
"TCGA-CC-A123",NA,NA,NA
"TCGA-CC-A1HT",NA,NA,NA
"TCGA-CC-A3M9",NA,NA,NA
"TCGA-CC-A3MA",NA,NA,NA
"TCGA-CC-A3MB",NA,NA,NA
"TCGA-CC-A3MC",NA,NA,NA
"TCGA-CC-A5UC",NA,NA,NA
"TCGA-CC-A5UD",NA,NA,NA
"TCGA-CC-A5UE",NA,NA,NA
"TCGA-CC-A7IE",NA,NA,NA
"TCGA-CC-A7IF",NA,NA,NA
"TCGA-CC-A7IG",NA,NA,NA
"TCGA-CC-A7IH",NA,NA,NA
"TCGA-CC-A7II",NA,NA,NA
"TCGA-CC-A7IJ",NA,NA,NA
"TCGA-CC-A7IK",NA,NA,NA
"TCGA-CC-A7IL",NA,NA,NA
"TCGA-CC-A8HT",NA,NA,NA
"TCGA-CC-A8HU",NA,NA,NA
"TCGA-CC-A8HV",NA,NA,NA
"TCGA-CC-A9FS",NA,NA,NA
"TCGA-CC-A9FU",NA,NA,NA
"TCGA-CC-A9FV",NA,NA,NA
"TCGA-CC-A9FW",NA,NA,NA
"TCGA-DD-A113",NA,NA,NA
"TCGA-DD-A114",NA,NA,NA
"TCGA-DD-A115",NA,NA,NA
"TCGA-DD-A116",NA,NA,NA
"TCGA-DD-A118",NA,NA,NA
"TCGA-DD-A119",NA,NA,NA
"TCGA-DD-A11A",NA,NA,NA
"TCGA-DD-A11B",NA,NA,NA
"TCGA-DD-A11C",NA,NA,NA
"TCGA-DD-A11D",NA,NA,NA
"TCGA-DD-A1E9",NA,NA,NA
"TCGA-DD-A1EA",NA,NA,NA
"TCGA-DD-A1EB",NA,NA,NA
"TCGA-DD-A1EC",NA,NA,NA
"TCGA-DD-A1ED",NA,NA,NA
"TCGA-DD-A1EE",NA,NA,NA
"TCGA-DD-A1EF",NA,NA,NA
"TCGA-DD-A1EG",NA,NA,NA
"TCGA-DD-A1EH",NA,NA,NA
"TCGA-DD-A1EI",NA,NA,NA
"TCGA-DD-A1EJ",NA,NA,NA
"TCGA-DD-A1EK",NA,NA,NA
"TCGA-DD-A1EL",NA,NA,NA
"TCGA-DD-A39V",NA,NA,NA
"TCGA-DD-A39W",NA,NA,NA
"TCGA-DD-A39X",NA,NA,NA
"TCGA-DD-A39Y",NA,NA,NA
"TCGA-DD-A39Z",NA,NA,NA
"TCGA-DD-A3A0",NA,NA,NA
"TCGA-DD-A3A1",NA,NA,NA
"TCGA-DD-A3A2",NA,NA,NA
"TCGA-DD-A3A3",NA,NA,NA
"TCGA-DD-A3A4",NA,NA,NA
"TCGA-DD-A3A5",NA,NA,NA
"TCGA-DD-A3A6",NA,NA,NA
"TCGA-DD-A3A7",NA,NA,NA
"TCGA-DD-A3A8",NA,NA,NA
"TCGA-DD-A3A9",NA,NA,NA
"TCGA-DD-A4NA",NA,NA,NA
"TCGA-DD-A4NB",NA,NA,NA
"TCGA-DD-A4ND",NA,NA,NA
"TCGA-DD-A4NE",NA,NA,NA
"TCGA-DD-A4NF",NA,NA,NA
"TCGA-DD-A4NG",NA,NA,NA
"TCGA-DD-A4NH",NA,NA,NA
"TCGA-DD-A4NI",NA,NA,NA
"TCGA-DD-A4NJ",NA,NA,NA
"TCGA-DD-A4NK",NA,NA,NA
"TCGA-DD-A4NL",NA,NA,NA
"TCGA-DD-A4NN",NA,NA,NA
"TCGA-DD-A4NO",NA,NA,NA
"TCGA-DD-A4NP",NA,NA,NA
"TCGA-DD-A4NQ",NA,NA,NA
"TCGA-DD-A4NR",NA,NA,NA
"TCGA-DD-A4NS",NA,NA,NA
"TCGA-DD-A4NV",NA,NA,NA
"TCGA-DD-A73A",NA,NA,NA
"TCGA-DD-A73B",NA,NA,NA
"TCGA-DD-A73C",NA,NA,NA
"TCGA-DD-A73D",NA,NA,NA
"TCGA-DD-A73E",NA,NA,NA
"TCGA-DD-A73F",NA,NA,NA
"TCGA-DD-A73G",NA,NA,NA
"TCGA-DD-AA3A",NA,NA,NA
"TCGA-DD-AAC8",NA,NA,NA
"TCGA-DD-AAC9",NA,NA,NA
"TCGA-DD-AACA",NA,NA,NA
"TCGA-DD-AACB",NA,NA,NA
"TCGA-DD-AACC",NA,NA,NA
"TCGA-DD-AACD",NA,NA,NA
"TCGA-DD-AACE",NA,NA,NA
"TCGA-DD-AACF",NA,NA,NA
"TCGA-DD-AACG",NA,NA,NA
"TCGA-DD-AACH",NA,NA,NA
"TCGA-DD-AACI",NA,NA,NA
"TCGA-DD-AACJ",NA,NA,NA
"TCGA-DD-AACK",NA,NA,NA
"TCGA-DD-AACL",NA,NA,NA
"TCGA-DD-AACM",NA,NA,NA
"TCGA-DD-AACN",NA,NA,NA
"TCGA-DD-AACO",NA,NA,NA
"TCGA-DD-AACP",NA,NA,NA
"TCGA-DD-AACQ",NA,NA,NA
"TCGA-DD-AACS",NA,NA,NA
"TCGA-DD-AACT",NA,NA,NA
"TCGA-DD-AACU",NA,NA,NA
"TCGA-DD-AACV",NA,NA,NA
"TCGA-DD-AACW",NA,NA,NA
"TCGA-DD-AACX",NA,NA,NA
"TCGA-DD-AACY",NA,NA,NA
"TCGA-DD-AACZ",NA,NA,NA
"TCGA-DD-AAD0",NA,NA,NA
"TCGA-DD-AAD1",NA,NA,NA
"TCGA-DD-AAD2",NA,NA,NA
"TCGA-DD-AAD3",NA,NA,NA
"TCGA-DD-AAD5",NA,NA,NA
"TCGA-DD-AAD6",NA,NA,NA
"TCGA-DD-AAD8",NA,NA,NA
"TCGA-DD-AADA",NA,NA,NA
"TCGA-DD-AADB",NA,NA,NA
"TCGA-DD-AADC",NA,NA,NA
"TCGA-DD-AADD",NA,NA,NA
"TCGA-DD-AADE",NA,NA,NA
"TCGA-DD-AADF",NA,NA,NA
"TCGA-DD-AADG",NA,NA,NA
"TCGA-DD-AADI",NA,NA,NA
"TCGA-DD-AADJ",NA,NA,NA
"TCGA-DD-AADK",NA,NA,NA
"TCGA-DD-AADL",NA,NA,NA
"TCGA-DD-AADM",NA,NA,NA
"TCGA-DD-AADN",NA,NA,NA
"TCGA-DD-AADO",NA,NA,NA
"TCGA-DD-AADP",NA,NA,NA
"TCGA-DD-AADQ",NA,NA,NA
"TCGA-DD-AADR",NA,NA,NA
"TCGA-DD-AADS",NA,NA,NA
"TCGA-DD-AADU",NA,NA,NA
"TCGA-DD-AADV",NA,NA,NA
"TCGA-DD-AADW",NA,NA,NA
"TCGA-DD-AADY",NA,NA,NA
"TCGA-DD-AAE0",NA,NA,NA
"TCGA-DD-AAE1",NA,NA,NA
"TCGA-DD-AAE2",NA,NA,NA
"TCGA-DD-AAE3",NA,NA,NA
"TCGA-DD-AAE4",NA,NA,NA
"TCGA-DD-AAE6",NA,NA,NA
"TCGA-DD-AAE7",NA,NA,NA
"TCGA-DD-AAE8",NA,NA,NA
"TCGA-DD-AAE9",NA,NA,NA
"TCGA-DD-AAEA",NA,NA,NA
"TCGA-DD-AAEB",NA,NA,NA
"TCGA-DD-AAED",NA,NA,NA
"TCGA-DD-AAEE",NA,NA,NA
"TCGA-DD-AAEG",NA,NA,NA
"TCGA-DD-AAEH",NA,NA,NA
"TCGA-DD-AAEI",NA,NA,NA
"TCGA-DD-AAEK",NA,NA,NA
"TCGA-DD-AAVP",NA,NA,NA
"TCGA-DD-AAVQ",NA,NA,NA
"TCGA-DD-AAVR",NA,NA,NA
"TCGA-DD-AAVS",NA,NA,NA
"TCGA-DD-AAVU",NA,NA,NA
"TCGA-DD-AAVV",NA,NA,NA
"TCGA-DD-AAVW",NA,NA,NA
"TCGA-DD-AAVX",NA,NA,NA
"TCGA-DD-AAVY",NA,NA,NA
"TCGA-DD-AAVZ",NA,NA,NA
"TCGA-DD-AAW0",NA,NA,NA
"TCGA-DD-AAW1",NA,NA,NA
"TCGA-DD-AAW2",NA,NA,NA
"TCGA-DD-AAW3",NA,NA,NA
"TCGA-ED-A459",NA,NA,NA
"TCGA-ED-A4XI",NA,NA,NA
"TCGA-ED-A5KG",NA,NA,NA
"TCGA-ED-A627",NA,NA,NA
"TCGA-ED-A66X",NA,NA,NA
"TCGA-ED-A66Y",NA,NA,NA
"TCGA-ED-A7PX",NA,NA,NA
"TCGA-ED-A7PY",NA,NA,NA
"TCGA-ED-A7PZ",NA,NA,NA
"TCGA-ED-A7XO",NA,NA,NA
"TCGA-ED-A7XP",NA,NA,NA
"TCGA-ED-A82E",NA,NA,NA
"TCGA-ED-A8O5",NA,NA,NA
"TCGA-ED-A8O6",NA,NA,NA
"TCGA-ED-A97K",NA,NA,NA
"TCGA-EP-A12J",NA,NA,NA
"TCGA-EP-A26S",NA,NA,NA
"TCGA-EP-A2KA",NA,NA,NA
"TCGA-EP-A2KB",NA,NA,NA
"TCGA-EP-A2KC",NA,NA,NA
"TCGA-EP-A3JL",NA,NA,NA
"TCGA-EP-A3RK",NA,NA,NA
"TCGA-ES-A2HS",NA,NA,NA
"TCGA-ES-A2HT",NA,NA,NA
"TCGA-FV-A23B",NA,NA,NA
"TCGA-FV-A2QQ",NA,NA,NA
"TCGA-FV-A2QR",NA,NA,NA
"TCGA-FV-A3I0",NA,NA,NA
"TCGA-FV-A3I1",NA,NA,NA
"TCGA-FV-A3R2",NA,NA,NA
"TCGA-FV-A3R3",NA,NA,NA
"TCGA-FV-A495",NA,NA,NA
"TCGA-FV-A496",NA,NA,NA
"TCGA-FV-A4ZP",NA,NA,NA
"TCGA-FV-A4ZQ",NA,NA,NA
"TCGA-G3-A25S",NA,NA,NA
"TCGA-G3-A25T",NA,NA,NA
"TCGA-G3-A25U",NA,NA,NA
"TCGA-G3-A25V",NA,NA,NA
"TCGA-G3-A25W",NA,NA,NA
"TCGA-G3-A25X",NA,NA,NA
"TCGA-G3-A25Y",NA,NA,NA
"TCGA-G3-A25Z",NA,NA,NA
"TCGA-G3-A3CG",NA,NA,NA
"TCGA-G3-A3CH",NA,NA,NA
"TCGA-G3-A3CI",NA,NA,NA
"TCGA-G3-A3CJ",NA,NA,NA
"TCGA-G3-A3CK",NA,NA,NA
"TCGA-G3-A5SI",NA,NA,NA
"TCGA-G3-A5SJ",NA,NA,NA
"TCGA-G3-A5SK",NA,NA,NA
"TCGA-G3-A5SL",NA,NA,NA
"TCGA-G3-A5SM",NA,NA,NA
"TCGA-G3-A6UC",NA,NA,NA
"TCGA-G3-A7M5",NA,NA,NA
"TCGA-G3-A7M6",NA,NA,NA
"TCGA-G3-A7M7",NA,NA,NA
"TCGA-G3-A7M8",NA,NA,NA
"TCGA-G3-A7M9",NA,NA,NA
"TCGA-G3-AAUZ",NA,NA,NA
"TCGA-G3-AAV0",NA,NA,NA
"TCGA-G3-AAV1",NA,NA,NA
"TCGA-G3-AAV2",NA,NA,NA
"TCGA-G3-AAV3",NA,NA,NA
"TCGA-G3-AAV4",NA,NA,NA
"TCGA-G3-AAV5",NA,NA,NA
"TCGA-G3-AAV6",NA,NA,NA
"TCGA-G3-AAV7",NA,NA,NA
"TCGA-GJ-A3OU",NA,NA,NA
"TCGA-GJ-A6C0",NA,NA,NA
"TCGA-GJ-A9DB",NA,NA,NA
"TCGA-HP-A5MZ",NA,NA,NA
"TCGA-HP-A5N0",NA,NA,NA
"TCGA-K7-A5RF",NA,NA,NA
"TCGA-K7-A5RG",NA,NA,NA
"TCGA-K7-A6G5",NA,NA,NA
"TCGA-K7-AAU7",NA,NA,NA
"TCGA-KR-A7K0",NA,NA,NA
"TCGA-KR-A7K2",NA,NA,NA
"TCGA-KR-A7K7",NA,NA,NA
"TCGA-KR-A7K8",NA,NA,NA
"TCGA-LG-A6GG",NA,NA,NA
"TCGA-LG-A9QC",NA,NA,NA
"TCGA-LG-A9QD",NA,NA,NA
"TCGA-MI-A75C",NA,NA,NA
"TCGA-MI-A75E",NA,NA,NA
"TCGA-MI-A75G",NA,NA,NA
"TCGA-MI-A75H",NA,NA,NA
"TCGA-MI-A75I",NA,NA,NA
"TCGA-MR-A520",NA,NA,NA
"TCGA-MR-A8JO",NA,NA,NA
"TCGA-NI-A4U2",NA,NA,NA
"TCGA-NI-A8LF",NA,NA,NA
"TCGA-O8-A75V",NA,NA,NA
"TCGA-PD-A5DF",NA,NA,NA
"TCGA-QA-A7B7",NA,NA,NA
"TCGA-RC-A6M3",NA,NA,NA
"TCGA-RC-A6M4",NA,NA,NA
"TCGA-RC-A6M5",NA,NA,NA
"TCGA-RC-A6M6",NA,NA,NA
"TCGA-RC-A7S9",NA,NA,NA
"TCGA-RC-A7SB",NA,NA,NA
"TCGA-RC-A7SF",NA,NA,NA
"TCGA-RC-A7SH",NA,NA,NA
"TCGA-RC-A7SK",NA,NA,NA
"TCGA-RG-A7D4",NA,NA,NA
"TCGA-T1-A6J8",NA,NA,NA
"TCGA-UB-A7MA",NA,NA,NA
"TCGA-UB-A7MB",NA,NA,NA
"TCGA-UB-A7MC",NA,NA,NA
"TCGA-UB-A7MD",NA,NA,NA
"TCGA-UB-A7ME",NA,NA,NA
"TCGA-UB-A7MF",NA,NA,NA
"TCGA-UB-AA0U",NA,NA,NA
"TCGA-UB-AA0V",NA,NA,NA
"TCGA-WJ-A86L",NA,NA,NA
"TCGA-WQ-A9G7",NA,NA,NA
"TCGA-WQ-AB4B",NA,NA,NA
"TCGA-WX-AA44",NA,NA,NA
"TCGA-WX-AA46",NA,NA,NA
"TCGA-WX-AA47",NA,NA,NA
"TCGA-XR-A8TD",NA,NA,NA
"TCGA-XR-A8TE",NA,NA,NA
"TCGA-XR-A8TF",NA,NA,NA
"TCGA-XR-A8TG",NA,NA,NA
"TCGA-YA-A8S7",NA,NA,NA
"TCGA-ZP-A9CV",NA,NA,NA
"TCGA-ZP-A9CY",NA,NA,NA
"TCGA-ZP-A9CZ",NA,NA,NA
"TCGA-ZP-A9D0",NA,NA,NA
"TCGA-ZP-A9D1",NA,NA,NA
"TCGA-ZP-A9D2",NA,NA,NA
"TCGA-ZP-A9D4",NA,NA,NA
"TCGA-ZS-A9CD",NA,NA,NA
"TCGA-ZS-A9CE",NA,NA,NA
"TCGA-ZS-A9CF",NA,NA,NA
"TCGA-ZS-A9CG",NA,NA,NA
"TCGA-2H-A9GF",NA,NA,NA
"TCGA-2H-A9GG",NA,NA,NA
"TCGA-2H-A9GH",NA,NA,NA
"TCGA-2H-A9GI",NA,NA,NA
"TCGA-2H-A9GJ",NA,NA,NA
"TCGA-2H-A9GK",NA,NA,NA
"TCGA-2H-A9GL",NA,NA,NA
"TCGA-2H-A9GM",NA,NA,NA
"TCGA-2H-A9GN",NA,NA,NA
"TCGA-2H-A9GO",NA,NA,NA
"TCGA-2H-A9GQ",NA,NA,NA
"TCGA-2H-A9GR",NA,NA,NA
"TCGA-IC-A6RE",NA,NA,NA
"TCGA-IC-A6RF",NA,NA,NA
"TCGA-IG-A3I8",NA,NA,NA
"TCGA-IG-A3QL",NA,NA,NA
"TCGA-IG-A3Y9",NA,NA,NA
"TCGA-IG-A3YA",NA,NA,NA
"TCGA-IG-A3YB",NA,NA,NA
"TCGA-IG-A3YC",NA,NA,NA
"TCGA-IG-A4P3",NA,NA,NA
"TCGA-IG-A4QS",NA,NA,NA
"TCGA-IG-A4QT",NA,NA,NA
"TCGA-IG-A50L",NA,NA,NA
"TCGA-IG-A51D",NA,NA,NA
"TCGA-IG-A5B8",NA,NA,NA
"TCGA-IG-A5S3",NA,NA,NA
"TCGA-IG-A625",NA,NA,NA
"TCGA-IG-A6QS",NA,NA,NA
"TCGA-IG-A7DP",NA,NA,NA
"TCGA-IG-A8O2",NA,NA,NA
"TCGA-IG-A97H",NA,NA,NA
"TCGA-IG-A97I",NA,NA,NA
"TCGA-JY-A6F8",NA,NA,NA
"TCGA-JY-A6FA",NA,NA,NA
"TCGA-JY-A6FB",NA,NA,NA
"TCGA-JY-A6FD",NA,NA,NA
"TCGA-JY-A6FE",NA,NA,NA
"TCGA-JY-A6FG",NA,NA,NA
"TCGA-JY-A6FH",NA,NA,NA
"TCGA-JY-A938",NA,NA,NA
"TCGA-JY-A939",NA,NA,NA
"TCGA-JY-A93C",NA,NA,NA
"TCGA-JY-A93D",NA,NA,NA
"TCGA-JY-A93E",NA,NA,NA
"TCGA-JY-A93F",NA,NA,NA
"TCGA-KH-A6WC",NA,NA,NA
"TCGA-L5-A43C",NA,NA,NA
"TCGA-L5-A43E",NA,NA,NA
"TCGA-L5-A43H",NA,NA,NA
"TCGA-L5-A43I",NA,NA,NA
"TCGA-L5-A43J",NA,NA,NA
"TCGA-L5-A43M",NA,NA,NA
"TCGA-L5-A4OE",NA,NA,NA
"TCGA-L5-A4OF",NA,NA,NA
"TCGA-L5-A4OG",NA,NA,NA
"TCGA-L5-A4OH",NA,NA,NA
"TCGA-L5-A4OI",NA,NA,NA
"TCGA-L5-A4OJ",NA,NA,NA
"TCGA-L5-A4OM",NA,NA,NA
"TCGA-L5-A4ON",NA,NA,NA
"TCGA-L5-A4OO",NA,NA,NA
"TCGA-L5-A4OP",NA,NA,NA
"TCGA-L5-A4OQ",NA,NA,NA
"TCGA-L5-A4OR",NA,NA,NA
"TCGA-L5-A4OS",NA,NA,NA
"TCGA-L5-A4OT",NA,NA,NA
"TCGA-L5-A4OU",NA,NA,NA
"TCGA-L5-A4OW",NA,NA,NA
"TCGA-L5-A4OX",NA,NA,NA
"TCGA-L5-A88S",NA,NA,NA
"TCGA-L5-A88T",NA,NA,NA
"TCGA-L5-A88V",NA,NA,NA
"TCGA-L5-A88W",NA,NA,NA
"TCGA-L5-A88Y",NA,NA,NA
"TCGA-L5-A88Z",NA,NA,NA
"TCGA-L5-A891",NA,NA,NA
"TCGA-L5-A893",NA,NA,NA
"TCGA-L5-A8NE",NA,NA,NA
"TCGA-L5-A8NF",NA,NA,NA
"TCGA-L5-A8NG",NA,NA,NA
"TCGA-L5-A8NH",NA,NA,NA
"TCGA-L5-A8NI",NA,NA,NA
"TCGA-L5-A8NJ",NA,NA,NA
"TCGA-L5-A8NK",NA,NA,NA
"TCGA-L5-A8NL",NA,NA,NA
"TCGA-L5-A8NM",NA,NA,NA
"TCGA-L5-A8NN",NA,NA,NA
"TCGA-L5-A8NQ",NA,NA,NA
"TCGA-L5-A8NR",NA,NA,NA
"TCGA-L5-A8NS",NA,NA,NA
"TCGA-L5-A8NT",NA,NA,NA
"TCGA-L5-A8NU",NA,NA,NA
"TCGA-L5-A8NV",NA,NA,NA
"TCGA-L5-A8NW",NA,NA,NA
"TCGA-L7-A56G",NA,NA,NA
"TCGA-L7-A6VZ",NA,NA,NA
"TCGA-LN-A49K",NA,NA,NA
"TCGA-LN-A49L",NA,NA,NA
"TCGA-LN-A49M",NA,NA,NA
"TCGA-LN-A49N",NA,NA,NA
"TCGA-LN-A49O",NA,NA,NA
"TCGA-LN-A49P",NA,NA,NA
"TCGA-LN-A49R",NA,NA,NA
"TCGA-LN-A49S",NA,NA,NA
"TCGA-LN-A49U",NA,NA,NA
"TCGA-LN-A49V",NA,NA,NA
"TCGA-LN-A49W",NA,NA,NA
"TCGA-LN-A49X",NA,NA,NA
"TCGA-LN-A49Y",NA,NA,NA
"TCGA-LN-A4A1",NA,NA,NA
"TCGA-LN-A4A2",NA,NA,NA
"TCGA-LN-A4A3",NA,NA,NA
"TCGA-LN-A4A4",NA,NA,NA
"TCGA-LN-A4A5",NA,NA,NA
"TCGA-LN-A4A6",NA,NA,NA
"TCGA-LN-A4A8",NA,NA,NA
"TCGA-LN-A4A9",NA,NA,NA
"TCGA-LN-A4MQ",NA,NA,NA
"TCGA-LN-A4MR",NA,NA,NA
"TCGA-LN-A5U5",NA,NA,NA
"TCGA-LN-A5U6",NA,NA,NA
"TCGA-LN-A5U7",NA,NA,NA
"TCGA-LN-A7HV",NA,NA,NA
"TCGA-LN-A7HW",NA,NA,NA
"TCGA-LN-A7HX",NA,NA,NA
"TCGA-LN-A7HY",NA,NA,NA
"TCGA-LN-A7HZ",NA,NA,NA
"TCGA-LN-A8HZ",NA,NA,NA
"TCGA-LN-A8I0",NA,NA,NA
"TCGA-LN-A8I1",NA,NA,NA
"TCGA-LN-A9FO",NA,NA,NA
"TCGA-LN-A9FP",NA,NA,NA
"TCGA-LN-A9FQ",NA,NA,NA
"TCGA-LN-A9FR",NA,NA,NA
"TCGA-M9-A5M8",NA,NA,NA
"TCGA-Q9-A6FU",NA,NA,NA
"TCGA-Q9-A6FW",NA,NA,NA
"TCGA-R6-A6DN",NA,NA,NA
"TCGA-R6-A6DQ",NA,NA,NA
"TCGA-R6-A6KZ",NA,NA,NA
"TCGA-R6-A6L4",NA,NA,NA
"TCGA-R6-A6L6",NA,NA,NA
"TCGA-R6-A6XG",NA,NA,NA
"TCGA-R6-A6XQ",NA,NA,NA
"TCGA-R6-A6Y0",NA,NA,NA
"TCGA-R6-A6Y2",NA,NA,NA
"TCGA-R6-A8W5",NA,NA,NA
"TCGA-R6-A8W8",NA,NA,NA
"TCGA-R6-A8WC",NA,NA,NA
"TCGA-R6-A8WG",NA,NA,NA
"TCGA-RE-A7BO",NA,NA,NA
"TCGA-S8-A6BV",NA,NA,NA
"TCGA-S8-A6BW",NA,NA,NA
"TCGA-V5-A7RB",NA,NA,NA
"TCGA-V5-A7RC",NA,NA,NA
"TCGA-V5-A7RE",NA,NA,NA
"TCGA-V5-AASV",NA,NA,NA
"TCGA-V5-AASW",NA,NA,NA
"TCGA-V5-AASX",NA,NA,NA
"TCGA-VR-A8EO",NA,NA,NA
"TCGA-VR-A8EP",NA,NA,NA
"TCGA-VR-A8EQ",NA,NA,NA
"TCGA-VR-A8ER",NA,NA,NA
"TCGA-VR-A8ET",NA,NA,NA
"TCGA-VR-A8EU",NA,NA,NA
"TCGA-VR-A8EW",NA,NA,NA
"TCGA-VR-A8EX",NA,NA,NA
"TCGA-VR-A8EY",NA,NA,NA
"TCGA-VR-A8EZ",NA,NA,NA
"TCGA-VR-A8Q7",NA,NA,NA
"TCGA-VR-AA4D",NA,NA,NA
"TCGA-VR-AA4G",NA,NA,NA
"TCGA-VR-AA7B",NA,NA,NA
"TCGA-VR-AA7D",NA,NA,NA
"TCGA-VR-AA7I",NA,NA,NA
"TCGA-X8-AAAR",NA,NA,NA
"TCGA-XP-A8T6",NA,NA,NA
"TCGA-XP-A8T7",NA,NA,NA
"TCGA-XP-A8T8",NA,NA,NA
"TCGA-Z6-A8JD",NA,NA,NA
"TCGA-Z6-A8JE",NA,NA,NA
"TCGA-Z6-A9VB",NA,NA,NA
"TCGA-Z6-AAPN",NA,NA,NA
"TCGA-ZR-A9CJ",NA,NA,NA
